{
  "feature_order": [
    "Layer Height (mm)",
    "Extrusion Temp (\u00b0C)",
    "Outer Wall Speed (mm/s)",
    "Infill Density (%)",
    "Wall Thickness (mm)",
    "Bed Temp (\u00b0C)",
    "Fan Speed (%)",
    "Surface Angle (\u00b0)"
  ],
  "minmax": {
    "min_": [
      -0.7499999999999999,
      -9.5,
      -1.5,
      -0.25,
      -3.0,
      -5.5,
      -1.5,
      0.0
    ],
    "scale_": [
      6.249999999999999,
      0.05,
      0.01,
      0.05,
      8.333333333333334,
      0.1,
      0.025,
      0.0058823529411764705
    ],
    "data_min_": [
      0.12,
      190.0,
      150.0,
      5.0,
      0.36,
      55.0,
      60.0,
      0.0
    ],
    "data_max_": [
      0.28,
      210.0,
      250.0,
      25.0,
      0.48,
      65.0,
      100.0,
      170.0
    ],
    "data_range_": [
      0.16000000000000003,
      20.0,
      100.0,
      20.0,
      0.12,
      10.0,
      40.0,
      170.0
    ],
    "feature_range": [
      0,
      1
    ]
  },
  "notes": "Apply scaling as x_scaled[i] = x[i] * scale_[i] + min_[i] using feature_order."
}